legacy_aic;ean;progressivo_dm;note
934480195;2005187210851;1963804;MAALOX REFLURAPID 20 bustine 10 ml (Opella) - ex farmaco OTC, ora dispositivo medico. Source: fogliettoillustrativo.net/bugiardino/maalox-reflurapid-20bust-934480195
;8000229115551;1963804;MAALOX REFLURAPID 20 bustine 10 ml (Opella) - codice secondario, non stampato sulla confezione 2026 (non presente su fogliettoillustrativo/prezzifarmaco 2026-09-13). Tenuto come fallback
;8058363613735;2022093;IRIDIL gocce oculari 10 ml pluridose (Montefarmaco OTC / ViaSys) - ex OTC, ora dispositivo medico (Q02030206). Minsan 931468021. Source: scatola utente 2026-09 + Mibact DISPO RDM 2026-09-07
;8004995453003;1820787;IRIDIL gocce oculari 10 contenitori monodose 0,5 ml (Montefarmaco OTC) - ex OTC, ora dispositivo medico (Q0299). Minsan 900031840. Source: farmacie online + Mibact DISPO RDM 2026-09-07
;8055732260019;959205;HEDRIN rapido gel (EG, ex Thornton Ross) - antiparassitario capelli (V901001). Minsan 905972081 and 927170555. Source: redcare.it product JSON 2026-09-13
927170555;;959205;HEDRIN rapido gel 100 ml (EG) - antiparassitario (V901001). Minsan 927170555. Source: farmaciauno.it 2026-09-13
938145265;;297914;BIOSCALIN PidoK.O. NEO olio antiparassitario 75 ml (Giuliani) - V901001. Minsan 938145265. Source: pharmasi.it 2026-09-13
900141351;;1615201;SAUGELLA gel monodose 5x6 ml (Meda) - ginecologico (U0899). Minsan 900141351. Source: farmacie online 2026-09-13
979605363;;1742645;COMPEED cerotti per vesciche medio x5 (Laboratoire HRA) - Y090699. Minsan 979605363. Source: farmaciepiu.it 2026-09-13
